"x","y","type"
119.578633154742,23.1692053563893,"0"
125.882440684363,23.802371667698,"0"
37.8444039076567,38.0489599332213,"0"
123.716156110168,34.8275629151613,"0"
32.7444997383282,35.7834210339934,"0"
89.3750663846731,32.1800409350544,"0"
21.9073677575216,18.8578867912292,"0"
90.5922830477357,35.9500438440591,"0"
18.818079624325,16.0910652857274,"0"
100.148819019087,26.0560142155737,"0"
11.1851998278871,39.184398483485,"0"
106.470446353778,28.7067959923297,"0"
5.89198466390371,34.3861360382289,"0"
100.114274807274,30.0366465188563,"0"
22.7535359608009,34.0406271722168,"0"
119.546282640658,32.4379928782582,"0"
115.409742593765,23.9618520718068,"0"
125.641826866195,32.9154688678682,"0"
11.7683637561277,26.8188153207302,"0"
121.558628301136,22.8441334050149,"0"
136.235740454867,30.996057074517,"0"
49.6399792423472,22.772039566189,"0"
105.913156741299,36.0484420601279,"0"
116.014431482181,31.5908808354288,"0"
110.563505557366,17.1646214649081,"0"
117.757761850953,35.1108745951205,"0"
119.909431259148,33.6136414110661,"0"
26.0265010921285,33.938235072419,"0"
128.307605320588,31.3371708523482,"0"
24.4411653326824,27.0305337384343,"0"
118.394219833426,12.0566236879677,"0"
100.778442570008,23.7179401144385,"0"
119.845003192313,28.7000853940845,"0"
109.234140510671,21.1955206468701,"0"
102.207435308956,31.5081854630262,"0"
28.2165433745831,23.6832394823432,"0"
119.281015922315,38.1137292273343,"0"
8.29555112868547,27.9364917427301,"0"
69.9819791410118,9.40344175323844,"0"
28.7851726170629,26.0058147553355,"0"
48.6392948450521,11.7325755208731,"0"
30.8877014881,20.022901147604,"0"
125.374429230578,30.6739429291338,"0"
24.9024301860482,34.2766737379134,"0"
104.058856964111,28.1422135606408,"0"
14.7833223082125,7.25995101965964,"0"
98.2745540142059,25.4598363861442,"0"
102.53534632735,23.2485025934875,"0"
96.9443159736693,20.1902750693262,"0"
121.234784126282,38.8191732298583,"0"
6.28719890490174,32.645573951304,"0"
19.7742792125791,12.0861892402172,"0"
15.8693394577131,13.2360094692558,"0"
114.554038345814,32.8652201406658,"0"
30.2930429344997,39.9039540067315,"0"
117.232479806989,11.7496001813561,"0"
31.6806738823652,18.8669316098094,"0"
105.406235307455,26.5819150395691,"0"
121.441290229559,27.8668926097453,"0"
96.5545096527785,31.2370300292969,"0"
107.483515939675,21.079889703542,"0"
39.5131234545261,29.7437663935125,"0"
118.621059763245,14.7234284877777,"0"
79.6794152492657,21.0823437850922,"0"
104.98731544707,36.7205103486776,"0"
15.7928910525516,18.0347398575395,"0"
128.283608909696,26.9944596383721,"0"
91.6102297557518,32.6003594975919,"0"
115.487427343614,18.6492254212499,"0"
83.3734404155985,11.9623133167624,"0"
116.132893441245,17.2222787793726,"0"
124.642486935481,22.7887427341193,"0"
128.296737032942,28.1712044868618,"0"
12.5679504591972,7.41964436136186,"0"
111.373166046105,18.9819501433522,"0"
109.521537697874,39.5499315485358,"0"
117.067512590438,32.6821540202945,"0"
119.235050198622,24.4867970142514,"0"
45.2550780866295,19.3813707772642,"0"
120.038068899885,27.1318245120347,"0"
110.655818609521,22.0046048238873,"0"
112.808063798584,34.5383222401142,"0"
40.4634232120588,28.7845710385591,"0"
110.644854912534,16.167344590649,"0"
101.174147254787,18.2897205464542,"0"
11.797757493332,27.9294911865145,"0"
131.943341018632,29.7345826774836,"0"
121.479882737622,26.2639093305916,"0"
51.8724650563672,24.3797591887414,"0"
59.5340148219839,12.7121581416577,"0"
116.193877547048,36.0627870634198,"0"
116.503853369504,14.7022579330951,"0"
90.3946018358693,6.61615851335227,"0"
120.183234717697,14.418806321919,"0"
126.797329951078,25.3059054724872,"0"
10.2488436549902,29.2398977652192,"0"
32.0656982623041,22.0869883708656,"0"
106.507431995124,22.6323979627341,"0"
10.2880653040484,30.7753344532102,"0"
113.205584944226,33.3897323068231,"0"
43.0858209915459,9.63452556170523,"0"
119.028916703537,10.6406255811453,"0"
107.212733570486,35.995309529826,"0"
92.3162568919361,24.2119224369526,"0"
93.5019543766975,36.1106694024056,"0"
16.917111966759,38.2980777323246,"0"
93.0810256721452,5.68519949913025,"0"
117.806542557664,24.1653808299452,"0"
109.517795122229,35.582357654348,"0"
120.553622581065,31.107890997082,"0"
54.3897170154378,23.9453559555113,"0"
24.0590982185677,39.5253707841039,"0"
43.4130035806447,2.18476467765868,"0"
20.9988575521857,15.7709163520485,"0"
96.425671284087,37.2558853682131,"0"
117.165730525739,34.1230861376971,"0"
43.9774852059782,19.27884016186,"0"
103.878181497566,24.5973294973373,"0"
14.6378399152309,3.23465924710035,"0"
87.9185068327934,12.4589539784938,"0"
104.32004054077,25.6935755722225,"0"
18.7858516396955,39.2409372702241,"0"
51.7290784418583,27.9591309837997,"0"
97.7185394056141,36.8764828238636,"0"
97.208926496096,21.4246833324432,"0"
19.4717539893463,37.1956834942102,"0"
100.641901013441,16.6273433249444,"0"
120.452483170666,12.5998604111373,"0"
105.490412293002,19.7333596367389,"0"
97.7678051451221,31.9536158349365,"0"
8.06587607134134,38.2169090863317,"0"
102.827888904139,19.1473130695522,"0"
79.0003918576986,0.80066142603755,"0"
42.9450527066365,31.5396463405341,"0"
16.5139940055087,5.26498625986278,"0"
99.6202177926898,23.2969512417912,"0"
21.6526414081454,25.3817044943571,"0"
99.4354679202661,28.1163888517767,"0"
122.359138978645,35.5900935642421,"0"
98.8179814675823,33.3217794355005,"0"
76.7789211776108,1.00533886812627,"0"
121.339522232302,36.7555037233979,"0"
119.938016575761,30.1845490653068,"0"
10.5507328594103,24.4011402968317,"0"
42.1007027570158,5.58603233657777,"0"
112.344633736648,13.3276773337275,"0"
42.7715849969536,3.86844487860799,"0"
111.364380856976,36.9888645131141,"0"
83.8440070440993,3.24779446236789,"0"
11.2500735837966,8.55718111619353,"0"
128.96537586581,25.0946949142963,"0"
92.6279458124191,35.0829778984189,"0"
59.0611576195806,8.50859797559679,"0"
45.7757321745157,22.2020744625479,"0"
89.3590154498816,36.5446444135159,"0"
8.45544854644686,30.8180822990835,"0"
26.0598712833598,35.274106208235,"0"
22.4869569810107,25.9690443333238,"0"
121.255214503035,35.4442303068936,"0"
114.223080617376,35.7510445732623,"0"
62.9459474561736,18.8628427777439,"0"
29.929190040566,35.8322024531662,"0"
61.8361978931352,10.527891619131,"0"
47.7799916407093,13.2110244967043,"0"
113.636734704487,27.5688958261162,"0"
134.758442197926,32.5311105512083,"0"
4.99116190243512,7.48676729388535,"0"
89.4547321414575,34.2241436243057,"0"
22.2307231510058,37.5910486094654,"0"
91.201690803282,3.83091457188129,"0"
110.01798519399,19.2644177936018,"0"
44.5427366578951,21.6843056306243,"0"
87.855853959918,36.3955156225711,"0"
131.004256373271,27.075787242502,"0"
130.188910146244,24.8163723759353,"0"
126.996288709342,21.2075244635344,"0"
109.138312861323,37.6418294105679,"0"
21.5535955922678,17.9148444905877,"0"
22.8335139900446,38.5313046257943,"0"
114.346319367178,17.526913434267,"0"
98.134651617147,22.2978855296969,"0"
100.732323317789,38.8802202697843,"0"
97.7258477220312,35.742998085916,"0"
131.489102914929,24.3130667414516,"0"
123.505835263059,2.61268835514784,"0"
71.2745752139017,8.38681305758655,"0"
91.6020477609709,37.7490781527013,"0"
64.665030813776,18.1625800672919,"0"
138.108069305308,39.4819089397788,"0"
135.827295542695,31.9504192750901,"0"
17.0329004758969,12.7337468415499,"0"
112.754404796287,21.4800219330937,"0"
121.662982716225,31.8454878497869,"0"
96.2937038345262,34.7176426462829,"0"
92.2214495064691,39.3201026786119,"0"
94.4557823892683,34.6998841501772,"0"
46.8937085522339,2.23266109824181,"0"
16.1538150068372,3.8035596255213,"0"
17.2755579184741,11.5468647330999,"0"
111.695101447403,29.0930197481066,"0"
42.705541588366,22.4448476545513,"0"
17.5170715572312,36.8220275174826,"0"
130.142076089978,22.2747188713402,"0"
93.7245962303132,30.127393445,"0"
100.294815064408,22.2196376789361,"0"
103.024342930876,39.3758542183787,"0"
123.377474918962,22.6003146078438,"0"
123.031701459549,29.3531291838735,"0"
116.730617447756,21.0173846129328,"0"
127.939646369778,25.9172911196947,"0"
98.5839651711285,34.8086967505515,"0"
6.51718629989773,30.1485820114613,"0"
18.7361347349361,15.0551168248057,"0"
78.6790404189378,37.4910751357675,"0"
113.293549325317,28.8008060026914,"0"
131.827612062916,39.605432478711,"0"
103.236047360115,29.2002579104155,"0"
21.6329379286617,21.3150332961231,"0"
124.84926013276,20.3336399886757,"0"
43.7980578513816,35.0321782194078,"0"
116.621448723599,15.95593996346,"0"
18.3684410201386,37.8181276936084,"0"
26.534770349972,26.4354676101357,"0"
39.047976154834,8.74578599818051,"0"
36.8908939044923,38.8888000138104,"0"
102.10113320034,21.2256611697376,"0"
6.99355924036354,28.9700036123395,"0"
31.8553897039965,33.8015308137983,"0"
111.568505736068,17.9481892008334,"0"
116.616504159756,10.1983674801886,"0"
98.8592546945438,17.9030573833734,"0"
13.7110117683187,8.44866055995226,"0"
12.2891163174063,30.4076050873846,"0"
42.4758230801672,8.1898660864681,"0"
47.419792660512,12.1728775277734,"0"
32.9539958992973,37.7269833255559,"0"
106.702712066472,24.4589215703309,"0"
114.674568800256,20.449053151533,"0"
11.8339232401922,6.35436283424497,"0"
17.5979549158365,39.3795392755419,"0"
97.7747142547742,23.5868244431913,"0"
95.9109740378335,25.0400980655104,"0"
88.8048719335347,35.0022600125521,"0"
121.555880857632,11.6927807033062,"0"
109.941253298894,14.2291770875454,"0"
8.75730609986931,24.6610457543284,"0"
54.3984761927277,25.1722454559058,"0"
115.197320361622,36.2461277004331,"0"
24.1642346186563,28.1744007579982,"0"
98.5895255440846,19.5347906742245,"0"
98.7588970409706,35.8371007163078,"0"
120.143330339342,20.0448434986174,"0"
137.809951165691,17.4808029923588,"0"
105.147063671611,28.785777837038,"0"
51.5640219440684,26.3938914053142,"0"
95.8791644591838,32.7965807262808,"0"
40.8103113342077,21.3438243977726,"0"
113.121696924791,37.6914261467755,"0"
105.985412546434,18.8248558621854,"0"
19.4525507651269,23.5604090429842,"0"
95.7251876685768,22.8956437017769,"0"
46.1312194587663,21.0144933965057,"0"
87.7707771863788,33.3670311886817,"0"
96.8926611542702,32.6214955188334,"0"
93.9915641816333,23.9218038879335,"0"
120.973116038367,33.5300351679325,"0"
43.7472122348845,29.276108853519,"0"
76.6991734085605,39.5131601393223,"0"
94.6427268069237,36.5766553767025,"0"
96.693221796304,39.9222039896995,"0"
68.705012043938,8.22326450608671,"0"
117.29591329582,26.2277799565345,"0"
108.720129220746,24.3882625270635,"0"
104.213587478735,16.2857194896787,"0"
112.391578359529,22.9796473588794,"0"
90.9719986002892,34.7331910394132,"0"
127.872028788552,24.7371199261397,"0"
117.402390283532,36.5710956696421,"0"
94.9199332203716,31.0380201693624,"0"
102.484591752291,32.8736843168736,"0"
108.626586571336,15.3550591506064,"0"
26.2972877640277,39.7804819885641,"0"
101.565977088176,27.6110510248691,"0"
17.3538008797914,15.9230969287455,"0"
91.9762963289395,4.62878884747624,"0"
107.574076191522,22.4556946475059,"0"
89.5318798348308,5.84227370098233,"0"
95.218952614814,38.4215046372265,"0"
58.4209723491222,32.7502816636115,"1"
35.4621886322275,0.621761418879032,"1"
27.3933222750202,9.97951393015683,"1"
93.1332363886759,0.4764901753515,"1"
36.2312885466963,11.6024922579527,"1"
82.3227268410847,28.3019339479506,"1"
50.7669758610427,7.99309807829559,"1"
99.0453511849046,7.5494025927037,"1"
61.6151258768514,25.357254780829,"1"
73.1402011914179,18.8575548026711,"1"
125.216361996718,39.6973671577871,"1"
50.871982104145,1.43863543868065,"1"
71.2630107346922,27.731679296121,"1"
59.9430356780067,16.265653828159,"1"
32.8207501210272,8.06919070892036,"1"
72.8982623666525,31.0465876199305,"1"
54.6592341270298,4.69055502675474,"1"
78.832834539935,15.2700943127275,"1"
79.8161300551146,14.2092360928655,"1"
36.714258780703,4.19610156677663,"1"
26.5469300048426,2.49869896098971,"1"
104.879795834422,7.76040337979794,"1"
57.1522688353434,0.306741883978248,"1"
83.7988120270893,37.3865463770926,"1"
71.9442984601483,38.2846355997026,"1"
69.8639428243041,12.8403912577778,"1"
62.4415466934443,29.7885863110423,"1"
55.1727557228878,31.2235679477453,"1"
85.525849564001,6.07984511181712,"1"
100.633543194272,6.34834724478424,"1"
65.0687398761511,26.8234001658857,"1"
98.0797881493345,3.84084180928767,"1"
64.6608855761588,28.9561039116234,"1"
35.6762906489894,4.50242528691888,"1"
111.584949553944,5.12907645665109,"1"
104.374334095046,10.091722169891,"1"
92.1045822557062,12.9534538928419,"1"
79.4741152087227,17.8269239701331,"1"
39.8537824582309,14.6160743944347,"1"
4.17895567603409,36.95925693959,"1"
119.76427779533,3.54606326669455,"1"
59.9618620565161,21.9234998431057,"1"
69.4168553687632,14.8418433312327,"1"
108.509593140334,11.5844128001481,"1"
56.0425109928474,7.30039990507066,"1"
45.7951431674883,37.7600940223783,"1"
95.4522592248395,1.38927612453699,"1"
129.566237330437,2.72998373024166,"1"
37.1862268215045,27.0062304567546,"1"
91.6568886069581,11.4246764034033,"1"
100.102548487484,3.45889495685697,"1"
79.201945932582,34.5029347483069,"1"
50.5750697338954,39.6015321463346,"1"
96.9777575833723,12.0254549942911,"1"
44.9535125959665,15.9061723295599,"1"
69.8785736691207,32.9959187097847,"1"
84.8174269590527,31.5764091350138,"1"
48.8555765105411,30.998069839552,"1"
51.5920778317377,17.7802650723606,"1"
66.0048067569733,21.6601783689111,"1"
71.7291662702337,33.3154021389782,"1"
134.910783730447,23.7761822342873,"1"
117.418931629509,5.89939896948636,"1"
29.1275614080951,0.477991998195648,"1"
74.5556648075581,28.621604917571,"1"
50.6932124122977,15.1020839065313,"1"
77.7522829081863,18.5057683009654,"1"
48.235170962289,29.1866236925125,"1"
69.353360501118,39.7103726863861,"1"
57.7895472990349,22.6665830425918,"1"
32.3832769086584,14.4545856304467,"1"
3.25560760684311,36.4822612330317,"1"
103.103465926833,1.99393563903868,"1"
76.0886588133872,28.4385048318654,"1"
73.2150954054669,22.0878705941141,"1"
53.8094554934651,34.0641405247152,"1"
25.9435764886439,4.35680874623358,"1"
73.7449029553682,14.3393518961966,"1"
64.3544201459736,27.7497894875705,"1"
68.6099447356537,30.3724898584187,"1"
90.7189932698384,9.79124573990703,"1"
20.0354403955862,6.30993014201522,"1"
57.920251544565,26.8816134147346,"1"
50.8899682154879,35.4226786922663,"1"
124.829546711408,16.061278777197,"1"
0.636869412846863,33.0780717916787,"1"
113.99971626699,12.9079942218959,"1"
11.4835504442453,2.40446430630982,"1"
24.9488445976749,8.97697234526277,"1"
81.5963450167328,9.7721045743674,"1"
23.9884842885658,3.59235000796616,"1"
120.466723935679,5.47508602961898,"1"
116.652955156751,4.15150197222829,"1"
133.963951827027,1.13388020545244,"1"
82.0857342425734,27.2834594454616,"1"
46.8236345145851,5.53806887939572,"1"
30.1300435233861,13.2317747175694,"1"
2.27993111591786,30.8268871065229,"1"
49.2330944538116,38.1032765936106,"1"
106.347108837217,10.5051979236305,"1"
70.0856922240928,20.7456141803414,"1"
49.7483875602484,21.3703230023384,"1"
111.527978475206,8.36022927425802,"1"
35.1475821156055,33.4248108323663,"1"
50.1344283251092,32.6627014670521,"1"
71.3353628944606,13.2511074841022,"1"
64.1605665208772,35.823424719274,"1"
23.2763920910656,10.9545223973691,"1"
66.7770631005988,36.0639843251556,"1"
59.4681948935613,17.8373439796269,"1"
48.3755057491362,8.64229328930378,"1"
57.2317928308621,30.8221695479006,"1"
46.8405350390822,7.61865449137986,"1"
2.22886051982641,39.4642206095159,"1"
79.1359054250643,24.154487028718,"1"
81.6386550012976,0.557022094726562,"1"
72.7358414093032,35.1803727261722,"1"
61.7183619458228,27.7133314684033,"1"
59.3992505129427,26.2035467196256,"1"
42.1487680403516,16.6306665446609,"1"
107.21095554065,11.5207533631474,"1"
65.5816928949207,37.3986840806901,"1"
51.8050476163626,14.9294006824493,"1"
47.7647577645257,39.2200088407844,"1"
57.4890580074862,4.33803144842386,"1"
79.7091274848208,28.6779835540801,"1"
7.68122928682715,39.6044852398336,"1"
76.0378817794845,22.4658270739019,"1"
82.5734258862212,4.8741936776787,"1"
27.9240477690473,13.6840102821589,"1"
46.5089457249269,28.1740953307599,"1"
69.4451523711905,28.4309030510485,"1"
36.5038267150521,2.70900960080326,"1"
93.8204821944237,16.0679548420012,"1"
76.555703477934,21.3680606894195,"1"
109.4266521791,2.76816793717444,"1"
19.255526792258,31.9074368756264,"1"
51.9721809215844,31.7183094378561,"1"
54.662322755903,20.1737355720252,"1"
87.4022812116891,5.35228793509305,"1"
51.8056841241196,8.17776252515614,"1"
124.888193598017,8.25500733219087,"1"
2.19164308626205,25.1872123870999,"1"
29.9735223967582,7.91981095448136,"1"
50.1059813797474,31.179699357599,"1"
56.823803614825,15.5140989180654,"1"
76.537658139132,33.5960901062936,"1"
101.287172967568,12.8034406434745,"1"
56.2017000280321,18.6885712109506,"1"
29.0185846108943,14.1077754739672,"1"
43.7040819320828,27.4027354456484,"1"
78.2466575410217,24.8074844945222,"1"
67.0509103685617,39.9001645576209,"1"
70.7268059672788,26.6986661218107,"1"
79.5406200829893,10.828474406153,"1"
12.5449538091198,39.317829683423,"1"
23.1664008973166,7.28766233660281,"1"
39.6847043279558,13.0649287439883,"1"
112.758655841462,3.91320182010531,"1"
27.4277107417583,11.708771083504,"1"
25.2948427433148,11.8267663568258,"1"
106.248122998513,4.45540817454457,"1"
91.6995888995007,14.6906732581556,"1"
83.2021286571398,27.3515270277858,"1"
94.2443987075239,11.9385942257941,"1"
31.8591296719387,13.5965848434716,"1"
36.3727495679632,7.17766541987658,"1"
67.3014862975106,21.0473769903183,"1"
65.6360190780833,34.695633975789,"1"
30.7310866797343,15.2102015353739,"1"
66.9187925523147,16.6518508736044,"1"
73.6705165589228,10.4651375859976,"1"
46.919228611514,33.4316397644579,"1"
58.5075212363154,31.1022236384451,"1"
70.8977091312408,12.0117221958935,"1"
71.1672612512484,24.6764417923987,"1"
127.068593148142,8.83614928461611,"1"
71.6344986250624,31.1049693915993,"1"
70.5705842701718,30.991776958108,"1"
39.3399869231507,7.07807750441134,"1"
48.442062092945,7.16385415755212,"1"
65.3951407410204,35.7363110594451,"1"
104.377569700591,3.72231180779636,"1"
63.4440723899752,28.3124477788806,"1"
121.787946755067,8.67738818749785,"1"
8.49032569676638,0.737403454259038,"1"
76.7159914318472,24.7481200192124,"1"
54.4457332184538,7.38069592043757,"1"
131.274834689684,36.4893478993326,"1"
56.4625513507053,20.2418904751539,"1"
74.7048756293952,10.1980814430863,"1"
46.8686295859516,35.5935174319893,"1"
20.3488024836406,8.67102226242423,"1"
0.0202403403818607,31.2413191143423,"1"
77.3865968640894,34.5031211804599,"1"
68.2760895881802,25.3667715005577,"1"
44.4259448023513,25.2247531991452,"1"
32.3586179455742,12.6241169963032,"1"
67.889566202648,31.2456620391458,"1"
50.0590866291896,3.67488740943372,"1"
85.2899101190269,7.6027800142765,"1"
64.7820505825803,13.9477354381233,"1"
38.8165403762832,0.0944428332149982,"1"
21.7244906071573,6.33812750689685,"1"
36.3801592914388,0.0125304609537125,"1"
35.2040048269555,12.4327268451452,"1"
103.381069167517,7.60952279902995,"1"
104.539370676503,1.25997674651444,"1"
106.12248708494,6.34949644096196,"1"
44.0185219468549,1.01599286310375,"1"
94.890516991727,16.8511398788542,"1"
68.6126388516277,36.7900823522359,"1"
38.2585889939219,1.74843563698232,"1"
71.3610221073031,29.8257590085268,"1"
99.3246674584225,0.840588537976146,"1"
84.9801387730986,34.4859647285193,"1"
78.5799066256732,29.0516999550164,"1"
4.62717621121556,38.6573134921491,"1"
83.8321290863678,34.601214081049,"1"
106.656475663185,0.0183315575122833,"1"
37.2474292898551,1.47303671576083,"1"
1.94382268469781,7.58669642731547,"1"
75.1707318658009,24.458864973858,"1"
71.5209333784878,39.9702418968081,"1"
0.882056881673634,28.8410547655076,"1"
72.251740116626,14.2592991795391,"1"
105.048424005508,13.1143488921225,"1"
93.1699008587748,9.37328889966011,"1"
78.5000929795206,8.02693318575621,"1"
33.2918871194124,12.9860951472074,"1"
109.917382840067,7.45436171069741,"1"
35.0617191195488,10.8021734561771,"1"
84.2720067314804,36.320385299623,"1"
133.860168498941,14.5850701536983,"1"
90.9195967391133,13.9744549710304,"1"
64.8031018208712,11.4357063081115,"1"
126.137302634306,7.3310025781393,"1"
82.714274879545,26.3500632625073,"1"
48.2696254365146,37.4776619207114,"1"
63.7134456867352,24.9504828639328,"1"
53.3615540107712,13.403652831912,"1"
104.380846670829,5.00803890638053,"1"
74.2113262368366,22.2101197764277,"1"
36.0844341758639,10.5260378308594,"1"
73.9069264987484,8.90663357451558,"1"
55.7918766513467,17.6327218022197,"1"
33.6492222547531,10.4912909213454,"1"
55.3122791228816,3.92516353167593,"1"
78.3296432951465,26.2038405518979,"1"
69.6143877133727,18.4306805022061,"1"
37.1546466229483,5.6012721452862,"1"
110.478819189593,8.30847603268921,"1"
80.697463429533,25.7318423967808,"1"
127.620715564117,2.29524009861052,"1"
40.7432887004688,10.5381025280803,"1"
77.4711010837927,16.5752521995455,"1"
55.1966343633831,14.2936617042869,"1"
53.697197358124,9.02555399574339,"1"
33.371199304238,8.98987732827663,"1"
131.259750984609,35.2261381503195,"1"
76.73635951709,29.3989990837872,"1"
100.783166978508,9.0129573456943,"1"
113.92897693906,4.92362357676029,"1"
73.8599177263677,36.8634550552815,"1"
96.5579774742946,5.99772160872817,"1"
75.0374846532941,31.7423285916448,"1"
113.888022927567,3.45954245887697,"1"
122.87570849061,8.58408688567579,"1"
48.934038975276,17.5880965869874,"1"
123.884478267282,16.6997069399804,"1"
94.4865980418399,1.81449985131621,"1"
52.0226081646979,4.35600098222494,"1"
108.024029936641,5.79580564983189,"1"
21.7777203815058,9.0430754609406,"1"
44.2857012199238,34.8970106430352,"1"
59.5280428882688,30.3223998378962,"1"
85.5676612164825,26.5285612083972,"1"
65.3276897594333,31.0444337315857,"1"
56.5478440094739,14.2878721281886,"1"
57.7640342479572,28.8532491307706,"1"
126.731001846492,1.57445039600134,"1"
23.7459934130311,0.324824284762144,"1"
5.91340440325439,35.7465716823936,"1"
50.9067222522572,38.2281181495637,"1"
3.77683421596885,25.5954610090703,"1"
55.5802909377962,8.54776587337255,"1"
34.5357579970732,9.50999843887985,"1"
90.2147640939802,11.7649812530726,"1"
74.5515879243612,32.7399707492441,"1"
58.0358048062772,13.7050241231918,"1"
68.8697125576437,38.2537918072194,"1"
58.533939095214,9.86675934866071,"1"
108.615469215438,9.20335997827351,"1"
80.7003669440746,24.3801671080291,"1"
44.2573962314054,30.0086152832955,"1"
67.4914281722158,26.6564385313541,"1"
78.3960870513692,32.4264484643936,"1"
123.070155237801,17.6107167918235,"1"
4.26283877342939,24.191547036171,"1"
56.0552519699559,29.4022209942341,"1"
41.03869182989,25.7629003748298,"1"
61.9901298964396,26.4258041512221,"1"
26.656542038545,29.0395151916891,"2"
60.4175284644589,37.8342428617179,"2"
3.83382133208215,17.5900255143642,"2"
61.1887202784419,0.473725702613592,"2"
18.2645174954087,1.38774305582047,"2"
83.7801073631272,24.080445850268,"2"
13.9680078625679,19.538783794269,"2"
10.3208212507889,17.5665242411196,"2"
13.4075199672952,35.2030072174966,"2"
1.9444842915982,15.0512456893921,"2"
28.4865626646206,5.90939600020647,"2"
30.7677565282211,2.15582955628633,"2"
88.6358541389927,17.7798180561513,"2"
9.29165157489479,13.8384459540248,"2"
39.265474868007,18.3317832276225,"2"
87.1514270734042,17.6398809067905,"2"
72.8262751549482,0.0395610276609659,"2"
62.5775606464595,33.2727643474936,"2"
4.52753772959113,12.7015246637166,"2"
8.5323207359761,5.3318447060883,"2"
126.773236696608,12.3859828431159,"2"
89.7754511144012,0.799737023189664,"2"
69.5719052292407,0.84739662706852,"2"
110.367519385181,0.141921229660511,"2"
86.600311328657,21.2084122188389,"2"
41.9943940313533,39.1346870642155,"2"
35.5077224550769,18.7923964764923,"2"
89.9654304422438,27.163359830156,"2"
88.1796802068129,0.515753543004394,"2"
15.4689176985994,23.8777283672243,"2"
2.01867299154401,3.01923159509897,"2"
8.17223861347884,7.86003223620355,"2"
1.98622964322567,22.0868416875601,"2"
67.5827072700486,3.7764825578779,"2"
127.035725787282,39.4912313390523,"2"
0.132453427650034,17.566243307665,"2"
65.1044083992019,7.03705873340368,"2"
58.5129158571362,0.836786739528179,"2"
88.1548873055726,20.6933471094817,"2"
62.5311912177131,7.0195453427732,"2"
128.907505748793,11.6479726787657,"2"
87.195609388873,3.23368209414184,"2"
77.3558828793466,4.25015389919281,"2"
8.03578584920615,13.4904017020017,"2"
105.854849833995,32.9439619835466,"2"
9.1199853643775,15.4797109309584,"2"
129.632077272981,10.5855744797736,"2"
15.5371961696073,33.453019624576,"2"
29.3919526878744,4.05700390227139,"2"
30.9684980753809,30.8446199446917,"2"
26.6328591387719,17.2309969831258,"2"
4.8154471674934,21.9053872022778,"2"
11.8299128860235,0.000342242419719696,"2"
38.123352592811,17.48122244142,"2"
9.683030503802,35.1148705091327,"2"
3.66655878257006,4.17041939683259,"2"
31.937606674619,29.5400514919311,"2"
11.1837892234325,18.6413724906743,"2"
0.575126530602574,2.14464986696839,"2"
87.393547296524,22.3112863767892,"2"
73.9659201772884,1.69048096053302,"2"
7.39571603480726,16.2300044763833,"2"
12.4656102666631,16.1331786774099,"2"
27.9200034495443,29.1203519888222,"2"
64.6768350712955,3.02617372944951,"2"
18.1246757274494,27.8719092253596,"2"
2.73486730176955,2.0052972715348,"2"
36.1314184358343,25.8414489310235,"2"
85.6846757046878,17.7022987231612,"2"
29.8117748461664,28.6137775331736,"2"
33.4680334292352,30.5126991868019,"2"
91.6136525943875,26.4456250611693,"2"
14.7903322707862,27.6149931177497,"2"
16.3789288979024,27.2842316143215,"2"
16.470548985526,19.7951473016292,"2"
0.186233134008944,0.361872101202607,"2"
5.82418464124203,20.9636600781232,"2"
1.99324257206172,16.5104061551392,"2"
82.4834082974121,17.4886355642229,"2"
4.35644938610494,20.1071759779006,"2"
1.53295185882598,4.05685625039041,"2"
38.9032343169674,34.5536377839744,"2"
4.74263513926417,5.47777434810996,"2"
0.498665478080511,20.2088113501668,"2"
125.777377332561,11.5735676884651,"2"
0.0379085075110197,15.2492414601147,"2"
87.533350600861,1.51948869228363,"2"
57.9423370957375,35.9895189851522,"2"
42.200465365313,37.6430430356413,"2"
14.8454053653404,35.08595533669,"2"
40.7873720536008,34.691905817017,"2"
65.5690643098205,8.5129885096103,"2"
61.060515451245,2.17144049704075,"2"
101.568219810724,32.0973083470017,"2"
36.3372437329963,23.8914724253118,"2"
66.2653533369303,4.23114797100425,"2"
27.2622210718691,6.57340970821679,"2"
26.4257973339409,21.0827740468085,"2"
112.918544458225,0.905573926866055,"2"
66.7006225511432,1.81474124081433,"2"
109.854138083756,31.6795974597335,"2"
16.8900952162221,21.847550868988,"2"
75.8666314324364,4.30688974447548,"2"
29.1364470589906,29.6969256270677,"2"
58.1849601166323,39.7667049244046,"2"
10.4569836473092,12.9607799742371,"2"
32.1219276776537,3.40034263208508,"2"
97.2569665173069,12.475764118135,"2"
12.3565979395062,11.7197453510016,"2"
88.4621788235381,23.3953219186515,"2"
70.7589031755924,2.14151657186449,"2"
86.7669624695554,27.2547863330692,"2"
74.3073359364644,3.26453738845885,"2"
16.0713551612571,32.5248922221363,"2"
25.450465711765,16.3110455963761,"2"
33.1710339616984,26.4170489646494,"2"
17.2306400025263,29.2520818673074,"2"
41.2110691936687,39.9285323172808,"2"
112.741192183457,33.0772452522069,"2"
56.081319777295,38.5644908156246,"2"
71.6638143919408,3.3953800983727,"2"
88.4733381308615,24.7346965316683,"2"
118.287057378329,0.828871764242649,"2"
6.9307752000168,17.362840436399,"2"
20.3884745156392,29.0644417796284,"2"
0.785380946472287,25.1109316479415,"2"
89.8665687302127,17.5694613065571,"2"
0.364643256179988,21.3109062146395,"2"
69.8350435402244,3.11210280284286,"2"
114.165450604632,22.6512202154845,"2"
66.0557308001444,0.0339760258793831,"2"
63.345317854546,1.29747147671878,"2"
86.804849919863,20.0173304881901,"2"
30.2900277124718,39.9466097634286,"2"
60.6573975551873,3.99060938507318,"2"
65.0570268556476,5.75733674690127,"2"
32.1084037050605,30.5672238115221,"2"
11.846616268158,34.6189133170992,"2"
13.2824262278154,36.2186604458839,"2"
5.30732665210962,15.348053323105,"2"
87.5468407059088,29.4501357432455,"2"
108.44968168065,32.5529163423926,"2"
87.1833406668156,39.3974526040256,"2"
77.909351750277,38.2111737318337,"2"
32.4450553534552,25.7138340827078,"2"
11.4445889461786,17.4865414854139,"2"
16.736090099439,28.2357576582581,"2"
73.1381551222876,3.93508375622332,"2"
34.437243794091,20.1963775698096,"2"
88.1040176330134,19.5200620498508,"2"
84.335963781923,20.0618842523545,"2"
64.0204665577039,0.195651073008776,"2"
244.884265223518,2.28007471188903,"0"
170.00369086396,15.3016099892557,"0"
153.010817361064,7.47940072789788,"0"
225.755795445293,38.2326685730368,"0"
175.671698627993,35.1727023348212,"0"
191.854776758701,33.6088725738227,"0"
177.455204706639,26.2173207849264,"0"
221.491512102075,10.4853481426835,"0"
210.246291127987,12.8384147211909,"0"
193.361619771458,35.6140142120421,"0"
175.048722894862,5.85577584803104,"0"
157.630099207163,27.4977629072964,"0"
175.045585762709,28.0858934856951,"0"
204.200974754058,13.8740198221058,"0"
218.521626298316,4.57208027131855,"0"
242.46856876649,3.92546500079334,"0"
138.01658264827,36.6621791385114,"0"
204.361654352397,32.6861289422959,"0"
150.72723233141,1.63243601098657,"0"
201.912589040585,9.23694443888962,"0"
168.92697121948,13.4721283428371,"0"
218.413688801229,23.3308995142579,"0"
241.740913242102,23.1668220460415,"0"
235.717466990463,23.2533173635602,"0"
238.012507106178,13.9786437340081,"0"
196.403461331502,5.80586499534547,"0"
218.925870037638,35.2352831140161,"0"
207.902586022392,31.4670548029244,"0"
240.89769823011,14.4178351107985,"0"
184.110405002721,13.6998924333602,"0"
198.341436046176,6.32920135743916,"0"
155.217758538201,3.90314888209105,"0"
179.885651669465,8.20657147094607,"0"
184.409936256707,38.0476251710206,"0"
208.952671922743,32.227277206257,"0"
218.509996463545,21.200541742146,"0"
251.382313915528,21.6294153686613,"0"
202.747634737752,34.0662388596684,"0"
184.497255198658,7.72076773457229,"0"
139.388803667389,28.3241673465818,"0"
142.98528639134,8.17858171649277,"0"
147.36163851805,23.9356059767306,"0"
221.237147799693,0.948624638840556,"0"
204.297075397335,29.317695973441,"0"
214.287932747975,20.7360056042671,"0"
134.254006701522,38.9561927132308,"0"
195.22703517694,14.2772226594388,"0"
193.46407359466,16.7076098266989,"0"
217.104573906399,9.26251226104796,"0"
128.059880700894,26.1249587032944,"0"
176.447196248919,10.3086656611413,"0"
134.62447872851,22.8545312955976,"0"
221.838706824929,13.9512390084565,"0"
249.200719222426,11.5808559581637,"0"
143.855656916276,29.9056167155504,"0"
234.310675226152,0.0386640150099993,"0"
202.180733620189,36.1776810511947,"0"
155.21690285299,10.0216841232032,"0"
157.353658252396,37.6777653768659,"0"
208.638653149828,27.8907286841422,"0"
241.453481893986,30.1096239965409,"0"
154.284921721555,25.2581405919045,"0"
149.072301406413,26.3527630176395,"0"
222.705848100595,28.5295889340341,"0"
186.800201935694,0.26531333103776,"0"
141.883435333148,29.0823708102107,"0"
178.075873567723,11.39573472552,"0"
222.769152703695,19.1089250892401,"0"
239.326663245447,33.2442478556186,"0"
241.940561281517,11.1673103645444,"0"
153.196829003282,15.3562163189054,"0"
237.220450895838,37.4770403373986,"0"
140.4738849774,34.6100533567369,"0"
217.182526467368,26.733845602721,"0"
153.013257454149,12.9392198380083,"0"
158.25831215363,2.97740005888045,"0"
200.301205031574,5.46830795705318,"0"
146.521500889212,30.2405046578497,"0"
151.077291551046,26.2410948611796,"0"
166.699885404669,7.69209943711758,"0"
184.965033638291,8.78520014695823,"0"
225.038601504639,22.4828159343451,"0"
151.776467892341,14.0326228551567,"0"
242.345623611473,1.39568702317774,"0"
191.305375774391,17.3470912408084,"0"
212.255149050616,15.6530328001827,"0"
231.117070717737,15.554511602968,"0"
127.183282361366,12.395045068115,"0"
231.647974187508,21.1724215094,"0"
182.867816104554,37.8499847464263,"0"
171.490919482894,14.4484083540738,"0"
154.912979574874,5.53264264948666,"0"
247.412287225015,6.50069332681596,"0"
159.486168147996,19.2616460099816,"0"
210.18099182751,30.0819020718336,"0"
159.280111384578,8.93498497083783,"0"
173.174762274139,2.93740819208324,"0"
168.361174105667,37.5010409299284,"0"
138.682043734007,1.6316267196089,"0"
191.989103951491,11.8762259650975,"0"
184.111904562451,24.3439649790525,"0"
228.529709451832,7.13858533650637,"0"
226.117423772812,26.2782900221646,"0"
145.861910819076,3.94147388637066,"0"
181.566358958371,32.6648581027985,"0"
155.022258344106,27.8022066503763,"0"
211.662987014279,1.08683731406927,"0"
198.83372568991,39.106055861339,"0"
151.287626088597,12.450312608853,"0"
215.882945042104,4.2046322952956,"0"
218.639043155126,12.166492100805,"0"
236.868880414404,17.9175200592726,"0"
150.542147499509,5.19733344204724,"0"
154.005332421511,12.0557278208435,"0"
242.342299637385,20.1014742068946,"0"
246.848516068421,4.14341943338513,"0"
191.224892470054,19.9813774134964,"0"
156.966460710391,31.2457686569542,"0"
244.686607937329,28.2670842017978,"0"
150.722594726831,34.6405132114887,"0"
213.786747446284,8.87928705662489,"0"
229.688617773354,5.30012965202332,"0"
187.380714677274,11.780441692099,"0"
173.784115267918,12.9221230838448,"0"
159.918945962563,5.37985745817423,"0"
131.02778178174,21.4316450059414,"0"
240.756400679238,21.2939736712724,"0"
190.834243991412,10.4058828856796,"0"
236.221841969527,32.0900805387646,"0"
224.488439853303,14.5869797188789,"0"
146.130140931346,2.00557935982943,"0"
139.055938762613,13.224919764325,"0"
228.06631247513,17.7170865703374,"0"
153.48921739962,24.1532490588725,"0"
141.062975041568,3.7679907400161,"0"
223.478402732871,16.4052330423146,"0"
211.062148106284,36.1009722203016,"0"
208.431211370043,36.4859896525741,"0"
139.632500312291,8.99301894940436,"0"
145.912010176107,36.5882452670485,"0"
238.867031042464,12.6566488109529,"0"
187.162286220118,2.7891353610903,"0"
151.662956168875,23.9912801142782,"0"
163.624067460187,33.4805703628808,"0"
195.963636427186,32.935928273946,"0"
223.055607532151,32.3145182430744,"0"
216.807098761201,5.11372175067663,"0"
225.065343892202,29.1754065081477,"0"
235.505713862367,39.7619621548802,"0"
239.409231441095,29.2456702049822,"0"
185.79224191606,17.6891782600433,"0"
226.009443020448,33.3509868197143,"0"
200.887806499377,30.3105249907821,"0"
157.766553536057,29.9517511576414,"0"
236.395376436412,35.8604128658772,"0"
148.320601847954,37.3026426974684,"0"
250.072994935326,7.52265200950205,"0"
246.115904832259,8.56927178800106,"0"
161.693033212796,33.8209896627814,"0"
144.00097919628,6.20840666815639,"0"
200.957320402376,32.5972616299987,"0"
221.222168272361,30.7699418906122,"0"
145.144419469871,35.3412998188287,"0"
146.109672775492,19.3983661755919,"0"
246.303423400968,26.2289029173553,"0"
136.819588723592,10.522659085691,"0"
231.231349725276,27.27508851327,"0"
199.181046495214,14.2747780028731,"0"
149.18164875824,22.6908277906477,"0"
247.740678028204,14.3598895985633,"0"
170.108140883967,22.0459441933781,"0"
164.372876249254,2.21140182577074,"0"
131.889659049921,3.4403710346669,"0"
214.990762546659,1.48007079027593,"0"
221.656995611265,36.6251531802118,"0"
178.620845270343,22.0959801506251,"0"
156.691810106859,1.76850512623787,"0"
161.325875706971,2.05695602111518,"0"
223.89806070365,4.74658565595746,"0"
170.794094083831,31.8155080452561,"0"
159.79515701998,28.3610425516963,"0"
188.981448891573,38.4270427003503,"0"
243.971459772438,33.1625480949879,"0"
209.732671221718,28.451449656859,"0"
248.907816358842,5.67186198197305,"0"
232.471423265524,25.9602429810911,"0"
154.889328000136,7.77846769429743,"0"
212.850511162542,32.4093345087022,"0"
207.373064993881,28.4822523780167,"0"
132.691645198502,11.5399595629424,"0"
138.602090640925,17.1491740364581,"0"
136.193686136976,16.1650816816837,"0"
240.861522508785,31.3150248583406,"0"
126.943988888524,17.8914982452989,"0"
203.574980571866,3.81541540846229,"0"
197.2928835731,30.2032291982323,"0"
182.54527721554,3.21361437439919,"0"
147.125149401836,36.2708921544254,"0"
205.51204115618,36.6448470111936,"0"
161.833433127031,28.3173226378858,"0"
136.224042703398,39.7642178274691,"0"
162.836280190386,6.28754422999918,"0"
204.887217767537,26.6858410090208,"0"
250.462700240314,36.9576540589333,"0"
184.743257411756,35.821081707254,"0"
223.478779285215,24.9001539032906,"0"
134.316474003717,29.833756107837,"0"
181.988805020228,34.2592873144895,"0"
220.459421179257,29.852247769013,"0"
245.496198702604,0.502614621073008,"0"
224.229904497042,38.2701807282865,"0"
233.523673363961,12.1096574515104,"0"
144.66290498618,1.44147433340549,"0"
181.660501281731,27.9003840032965,"0"
212.671324466355,36.5379638783634,"0"
240.895861755125,26.0686817020178,"0"
130.460160351358,8.34102212451398,"0"
198.997179265134,11.7708275653422,"0"
134.546494483948,7.26469488814473,"0"
216.835541012697,13.748348178342,"0"
212.892017974518,26.7758615873754,"0"
162.878853096627,29.6107279229909,"0"
142.075359420851,4.76262084208429,"0"
186.773534226231,23.6232519894838,"0"
177.196839861572,14.8891443107277,"0"
234.478654991835,19.6271449513733,"0"
133.904342842288,5.25460163131356,"0"
155.405324045569,28.8213052041829,"0"
226.271823598072,36.2355342600495,"0"
138.197625898756,11.3193349540234,"0"
207.117265509441,32.4352575931698,"0"
173.603405249305,8.7415796238929,"0"
152.245123856701,28.5773981362581,"0"
199.991982053034,4.10698429681361,"0"
149.137528245337,8.35377202369273,"0"
143.140291236341,10.0350296031684,"0"
213.917529564351,5.86406907066703,"0"
217.578420080245,19.9570091534406,"0"
169.811640693806,2.46398955583572,"0"
223.75593370758,12.1025492902845,"0"
173.910332340747,17.1016647107899,"0"
175.340782883577,39.2371652275324,"0"
234.813295742497,2.50703877769411,"0"
183.819844410755,19.2854371946305,"0"
204.031354840845,23.6683258228004,"0"
210.537190134637,19.2536847107112,"0"
196.72518779058,14.6631275583059,"0"
175.491764401086,4.47849912568927,"0"
180.710405120626,33.3389183320105,"0"
147.317170333117,32.1622407250106,"0"
150.540839866735,3.7712087482214,"0"
204.675684273243,20.2838351204991,"0"
179.659905964509,18.0387021973729,"0"
231.498449007049,22.2210771031678,"0"
163.269143505022,5.20802179351449,"0"
140.8087520767,18.5140267387033,"0"
238.23590662796,17.6717037893832,"0"
251.41548438929,1.59054140560329,"0"
201.004024040885,28.8923528511077,"0"
169.758673058823,17.4816108960658,"0"
170.749734151177,18.6014228407294,"0"
253.454129388556,37.285368712619,"0"
231.543422141112,1.29572725854814,"0"
179.63873249013,19.111233651638,"0"
147.210689303465,17.044281475246,"0"
197.228176645003,24.0596854221076,"0"
216.48256061133,16.2688002735376,"0"
175.149500160478,1.46401782520115,"0"
192.652185801417,18.2544794678688,"0"
203.74425473623,16.3702127709985,"0"
194.19122133404,25.0304726790637,"0"
168.135389187373,5.91143550351262,"0"
233.013847013935,1.1345019005239,"0"
179.900654079393,30.0920315086842,"0"
192.398928599432,19.4764874968678,"0"
237.324076881632,4.82243370264769,"0"
178.755186870694,4.62673818692565,"0"
228.234864207916,15.4126259498298,"0"
196.74392234534,22.2666908893734,"0"
202.906282087788,14.756763279438,"1"
140.238590743393,2.96224956400692,"1"
145.421158713289,28.2490760460496,"1"
207.978925653733,33.3162819873542,"1"
190.503636836074,21.6429405659437,"1"
144.300239901058,39.9913625698537,"1"
164.566083098762,2.53851362504065,"1"
219.728666725568,23.7475742399693,"1"
167.879742840305,30.5161064211279,"1"
154.066277248785,17.0417353976518,"1"
158.446073564701,0.622610654681921,"1"
127.198154451326,29.809337342158,"1"
209.848968721926,28.5738433990628,"1"
224.885628810152,20.5455017369241,"1"
160.752301868051,12.3962806910276,"1"
236.334574152716,8.53175515308976,"1"
170.263817897066,34.5224270969629,"1"
231.116298609413,8.21721822954714,"1"
224.962886744179,5.52867639809847,"1"
245.511396396905,8.86005024425685,"1"
237.040075119585,12.2376534715295,"1"
239.545442732051,18.5644753556699,"1"
205.358937815763,16.4732693787664,"1"
252.876305026002,0.174569170922041,"1"
176.046101050451,35.9075855184346,"1"
195.391643540934,8.24673010036349,"1"
220.253993915394,29.9418217223138,"1"
237.345965290442,35.528773162514,"1"
167.814924269915,2.54899720661342,"1"
214.179317802191,20.4285685997456,"1"
135.289643285796,34.6094259526581,"1"
151.961555364542,5.89176781475544,"1"
156.990089402534,8.98922873660922,"1"
169.39014390111,36.8968119006604,"1"
162.176832663827,2.91987914592028,"1"
132.090162383392,18.654384939,"1"
241.207991801202,25.9919094108045,"1"
221.657236595638,16.5521106030792,"1"
147.49049491249,25.0613794382662,"1"
155.716251125559,35.8190788235515,"1"
184.691704781726,31.4678022731096,"1"
231.456511435099,34.8288279213011,"1"
201.840324955992,12.9191968869418,"1"
138.079087664373,28.8641403056681,"1"
220.904531930573,21.7799780052155,"1"
186.984011274762,29.2486427631229,"1"
155.263207121752,21.7287805303931,"1"
220.181865757331,31.7678514029831,"1"
125.068277488463,11.1117518413812,"1"
240.973895774223,3.03332675248384,"1"
198.508968329988,16.2210155557841,"1"
164.495767652988,1.13410707563162,"1"
221.072994219139,30.7538837194443,"1"
141.536016967148,4.331762092188,"1"
181.86995816417,27.0951063651592,"1"
205.382628701627,30.9722758829594,"1"
184.385601333342,20.948693761602,"1"
143.707563071512,3.75842218287289,"1"
191.513938964345,0.38597128354013,"1"
249.35583228711,17.8728050459176,"1"
188.090194184333,27.6675517112017,"1"
197.410485055298,27.960898373276,"1"
148.623697669245,11.1513018421829,"1"
131.986896651797,33.0968544073403,"1"
224.868529024534,30.5061126314104,"1"
229.909472502768,26.539847953245,"1"
188.47500287462,16.8163950648159,"1"
168.677193867043,8.32574288360775,"1"
238.330231816508,37.5550075713545,"1"
232.621385008097,11.5905401483178,"1"
160.899888579734,25.6513653788716,"1"
130.098741715774,11.7582937702537,"1"
192.80824190937,20.9577417280525,"1"
245.925286910497,34.7151868138462,"1"
185.656062928028,35.0955691467971,"1"
218.766373163089,3.83754543960094,"1"
165.423535257578,3.32156349904835,"1"
191.86882364098,29.4857737142593,"1"
193.94510447979,5.006053596735,"1"
227.683942769654,21.0774806886911,"1"
235.397064266726,20.2914528455585,"1"
242.347221318632,25.2441233489662,"1"
128.388458346017,27.0323487650603,"1"
235.536489910446,38.0985649954528,"1"
205.29355738312,14.5069073420018,"1"
165.019320235588,26.6895559150726,"1"
143.815498319454,10.6572106201202,"1"
153.825622261502,39.2417898587883,"1"
149.265569439158,19.8727822862566,"1"
214.41938589327,19.2888699937612,"1"
222.126043252647,20.3211686853319,"1"
172.283391850069,13.7958075013012,"1"
180.608355589211,2.63755857013166,"1"
242.189189810306,38.4362286701798,"1"
184.122107201256,12.714080940932,"1"
206.387174814008,22.1878011990339,"1"
212.73277730681,21.6063843201846,"1"
239.673681622371,30.6453412864357,"1"
247.514492990449,1.64888869039714,"1"
173.360693012364,39.9900797661394,"1"
173.402561773546,3.15181944519281,"1"
185.680041280575,12.4800473544747,"1"
254.565073670819,17.4811883736402,"1"
246.636165613309,38.6365247145295,"1"
164.27426637616,5.43839944526553,"1"
249.773141075857,37.956628901884,"1"
233.750350410119,25.2193237002939,"1"
175.07208312396,38.8671501073986,"1"
191.832639542408,4.81726610101759,"1"
245.387325235642,7.39800427109003,"1"
194.99392437283,14.4674200192094,"1"
200.4955846956,34.1168147139251,"1"
257.101881774142,30.8093275409192,"1"
256.841996964067,0.146567728370428,"1"
235.240676165558,11.3384141586721,"1"
245.364248757251,16.9310761243105,"1"
149.715238455683,30.6691166292876,"1"
211.598703186028,9.73728915676475,"1"
136.453226110898,7.27324709296227,"1"
232.12137141265,24.3409807328135,"1"
204.517163299024,18.7874249648303,"1"
240.726371118799,5.33067296259105,"1"
176.705019441433,18.6334244906902,"1"
141.23154649511,9.59895047359169,"1"
185.971086383797,19.0187215059996,"1"
182.14518412482,33.5249368008226,"1"
251.022668094374,11.2463006097823,"1"
238.738223412074,32.3346365988255,"1"
210.593365537934,30.9835418406874,"1"
151.713364147581,13.4361404366791,"1"
190.009468570352,4.3143807630986,"1"
255.610142578371,33.6981926392764,"1"
238.212319333106,33.9048874098808,"1"
177.162981312722,3.76978031359613,"1"
197.616572491825,1.25942645594478,"1"
232.614781032316,10.2015340141952,"1"
226.20662827976,37.6650682557374,"1"
225.287224426866,34.9979968182743,"1"
131.309696435928,9.94012043811381,"1"
207.124560233206,14.4936802983284,"1"
198.663627295755,8.64460106939077,"1"
169.466664441861,5.46152514405549,"1"
213.115222114138,7.23343785852194,"1"
241.275703390129,24.2264194227755,"1"
133.518394846469,2.0903667807579,"1"
133.035495053045,9.08638869412243,"1"
229.443267453462,37.6316605415195,"1"
153.515934525058,37.6932309940457,"1"
234.955339324661,30.1138907857239,"1"
229.941125684418,33.2478114403784,"1"
251.547501417808,31.4040371030569,"1"
128.915537782013,39.4974207784981,"1"
133.658738140948,17.189411399886,"1"
229.232425619848,9.83827548101544,"1"
181.0005728947,20.1390117686242,"1"
192.3948450014,20.0347660854459,"1"
168.1084272312,9.30297695100307,"1"
180.737793403678,36.4205207675695,"1"
237.47063475661,31.1966503597796,"1"
205.869651762769,34.2405459936708,"1"
198.623212752864,2.79700252227485,"1"
227.310439809225,13.5437754262239,"1"
180.760977319442,5.75131690129638,"1"
214.968785541132,16.0965288523585,"1"
216.907473267056,27.7354388963431,"1"
217.507339469157,2.70682546310127,"1"
154.02772939764,14.0816449187696,"1"
130.376198859885,37.2426494490355,"1"
182.538343300112,21.949208304286,"1"
239.720362019725,16.9903395231813,"1"
208.975527333096,11.0745082329959,"1"
240.41435952764,14.4427239242941,"1"
226.109639909118,15.0672232545912,"1"
247.582883005962,22.4399635288864,"1"
231.817600163631,36.4111517556012,"1"
251.457683350891,15.7196875382215,"1"
205.693906387314,39.0375523362309,"1"
176.012803222984,19.3620908074081,"1"
243.373375381343,24.7951097134501,"1"
202.177121071145,32.8743276838213,"1"
233.060550228693,23.6045004148036,"1"
230.898378589191,9.20484115369618,"1"
237.855597333983,30.0612980406731,"1"
170.066609526984,28.6740217451006,"1"
237.186960359104,23.9828772377223,"1"
149.17969353497,0.387322353199124,"1"
200.905295973644,11.3368575368077,"1"
171.233025491238,29.1191981825978,"1"
155.188416140154,15.5768635310233,"1"
225.19630251918,19.0635470673442,"1"
238.987902975641,5.59593088924885,"1"
235.691636484116,16.2191831786186,"1"
173.139360258356,32.8293320350349,"1"
174.974060375243,9.38338819891214,"1"
195.32532974612,27.554784687236,"1"
152.810703911819,20.6532094720751,"1"
186.688573299907,39.8187473975122,"1"
152.915075016208,25.8818994276226,"1"
206.933862254955,35.0094946660101,"1"
136.220488892868,32.0620865561068,"1"
144.880279214121,22.4823868833482,"1"
209.827611893415,19.4602713733912,"1"
214.910135883838,26.9516969379038,"1"
155.427940101363,37.3329547327012,"1"
167.049592942931,15.378484884277,"1"
181.817278061062,5.18099698238075,"1"
156.423703599721,13.6546171270311,"1"
164.350226228125,36.356880730018,"1"
253.456483981572,3.13697845675051,"1"
177.91836314369,12.9357721097767,"1"
189.255621666089,31.2912199739367,"1"
244.794317260385,28.1694837100804,"1"
182.555331215262,9.32245234027505,"1"
161.601264616475,15.3935828898102,"1"
187.005603122525,15.0202729552984,"1"
144.45767714642,36.5006036311388,"1"
144.897952433676,9.02291124686599,"1"
240.120890499093,37.1714603342116,"1"
185.974812433124,29.6533751767129,"1"
158.317683916539,21.0898243729025,"1"
205.650696223602,24.8639044258744,"1"
150.34558437299,21.7958075832576,"1"
226.73014738597,9.02693444862962,"1"
125.676884776913,4.98792393133044,"1"
147.759260125458,5.59439904056489,"1"
252.205947977491,19.6608362253755,"1"
182.104220693,3.72572873719037,"1"
197.319452613592,19.9402208253741,"1"
219.668947323225,36.4534147642553,"1"
217.043682178482,14.7541915811598,"1"
192.741610463709,18.4573917556554,"1"
152.848748117685,18.1036425288767,"1"
180.601257290691,38.5910136625171,"1"
162.613260773942,13.6458944529295,"1"
210.566271925345,12.8918868955225,"1"
166.167105627246,24.556598290801,"1"
214.918388547376,33.4257861692458,"1"
226.351239536889,9.96115459129214,"1"
223.290808312595,17.0576227549464,"1"
174.998258263804,23.0212451517582,"1"
180.60228293296,34.2592967674136,"1"
156.899538114667,27.3500188533217,"1"
162.904396136291,19.5662503968924,"1"
197.529841880314,15.2259562816471,"1"
191.65591917932,17.3017657734454,"1"
161.512506026775,7.34700265340507,"1"
233.408347787336,29.37589016743,"1"
221.938111786731,21.7618488986045,"1"
183.616979508661,23.2051649969071,"1"
133.41476240661,12.6242333091795,"1"
246.417447114363,6.73602690920234,"1"
224.910325095989,15.3625706769526,"1"
183.395859412849,29.0787869039923,"1"
158.987657958642,32.2091544326395,"1"
168.426871537231,28.3992890641093,"1"
162.698386507109,26.3684683013707,"1"
158.025251938961,27.1375437639654,"1"
186.503545576707,37.8992866165936,"1"
174.754558228888,5.10676803998649,"1"
160.88865081314,4.20553253032267,"1"
158.947984264232,27.7768778149039,"1"
139.93191415444,28.2076707389206,"1"
204.82388659846,29.9641293194145,"1"
160.182310654782,33.5729153919965,"1"
202.926326654851,39.4585442170501,"1"
144.573695720173,31.5259327366948,"1"
140.619563208893,0.107188699766994,"1"
216.182683184743,30.0455087143928,"1"
175.073167667724,6.7011804971844,"1"
213.812826727517,10.3572060633451,"1"
166.76526831463,8.35968678817153,"1"
202.034182231873,26.9682563561946,"1"
169.380840952508,12.9865963105112,"1"
191.362527371384,37.0096440240741,"1"
215.046534505673,21.6394199058414,"1"
173.743054862134,24.3824902828783,"2"
158.609894043766,1.9740670081228,"2"
206.586731062271,17.6712430547923,"2"
169.18048880063,31.7131058406085,"2"
208.038555709645,22.1988108288497,"2"
244.353582039475,27.3910385742784,"2"
141.3188343402,2.5930888671428,"2"
156.064952807501,37.79576507397,"2"
226.507417033426,7.08756346255541,"2"
235.124793616123,23.0851852986962,"2"
185.540101137012,38.476161332801,"2"
162.768902452663,21.3549973629415,"2"
212.015905450098,34.4288487173617,"2"
217.784931398928,1.7901727091521,"2"
174.178461371921,37.9205618239939,"2"
186.979984361678,9.98243569396436,"2"
192.773660668172,7.62249708175659,"2"
199.553603185341,20.4766881559044,"2"
238.139585405588,29.7078604251146,"2"
230.111113088205,30.1124887913465,"2"
192.215454741381,0.120308995246887,"2"
223.764582807198,20.9512717369944,"2"
163.077761330642,38.9532419014722,"2"
171.362380282953,32.1674373839051,"2"
221.190226026811,7.85402384586632,"2"
138.555525895208,6.9989834818989,"2"
206.292784856632,30.5501655954868,"2"
192.039557010867,24.9151685275137,"2"
247.984802010469,35.5146318394691,"2"
163.897189982235,29.2166225425899,"2"
183.785620001145,34.5338969305158,"2"
183.593172254041,11.8480398599058,"2"
202.897134558298,29.188993498683,"2"
143.650522106327,15.2372528333217,"2"
126.307928026654,19.5873785205185,"2"
232.750800689682,16.4784397743642,"2"
226.31927180104,36.570881428197,"2"
157.614729502238,29.6632074844092,"2"
195.497731817886,2.27527285926044,"2"
150.838991515338,16.5529201086611,"2"
131.626459816471,17.1129840984941,"2"
156.968356054276,8.49806626327336,"2"
186.032298109494,30.7493174821138,"2"
206.972001707181,34.147661626339,"2"
198.232151931152,28.1878664996475,"2"
238.210107153282,23.9441929198802,"2"
209.908396746032,17.509303195402,"2"
206.066547469236,5.27839867398143,"2"
205.020863958634,15.5851765722036,"2"
124.748486205935,8.38543347083032,"2"
200.203289394267,29.5576720498502,"2"
186.381242047064,17.4365440197289,"2"
142.899320260622,30.28912817128,"2"
172.335114046,5.9863528329879,"2"
147.659737034701,3.98621352389455,"2"
198.051273259334,37.5391307100654,"2"
236.57041633036,39.9806450493634,"2"
240.675890450366,21.0525471810251,"2"
159.47434048634,15.8858256414533,"2"
145.08596975822,20.1896561309695,"2"
137.919219941832,9.48708809912205,"2"
174.292077370919,30.2355641219765,"2"
187.647122885101,29.8324588686228,"2"
200.62069222331,26.4593229163438,"2"
157.123579424806,33.7629913911223,"2"
243.410200029612,31.4628653414547,"2"
156.240044268779,4.76232228800654,"2"
179.458071072586,5.34668007865548,"2"
138.690575454384,32.7761269360781,"2"
203.405830860138,35.5116633605212,"2"
236.994398459792,35.9578540176153,"2"
212.202755762264,20.4372170940042,"2"
163.681284347549,31.7914378363639,"2"
212.483127960004,28.1568531319499,"2"
198.353638467379,25.6895221304148,"2"
244.455220433883,4.80251575820148,"2"
201.816802104004,26.7479813564569,"2"
145.723761841655,39.3214247003198,"2"
126.204815302044,32.9429992474616,"2"
253.787984633818,18.7489284668118,"2"
231.311086737551,7.02468594536185,"2"
171.237814375199,28.791527915746,"2"
158.077498739585,0.302717564627528,"2"
147.314079063945,8.77960727550089,"2"
234.343942771666,30.7975890021771,"2"
170.117977596819,30.7496394310147,"2"
207.413854654878,9.48047751560807,"2"
203.581877457909,10.9238892793655,"2"
220.402550464496,2.55498368293047,"2"
212.449595732614,9.75500736385584,"2"
173.673248081468,26.2861464079469,"2"
140.07656941656,24.5184908341616,"2"
168.457356500439,23.3908001612872,"2"
172.803935371339,34.1134969051927,"2"
221.959872613661,6.27620063722134,"2"
218.66673455108,29.3863151129335,"2"
209.553204588592,6.99951040558517,"2"
217.340625189245,7.87030881270766,"2"
226.282561304979,0.812464309856296,"2"
224.911499149166,36.1131203174591,"2"
179.775259671733,14.1254521161318,"2"
165.089509859681,2.65291824936867,"2"
136.986085716635,38.9849815238267,"2"
165.468767043203,38.0016757082194,"2"
218.555825119838,19.6455194521695,"2"
216.254945020191,4.91744482889771,"2"
145.750518082641,10.8497153781354,"2"
194.824115564115,16.4510111976415,"2"
241.493950351141,10.1909266691655,"2"
217.426678710617,36.0184376779944,"2"
219.101712647825,7.51431122422218,"2"
235.661202012561,36.9740845728666,"2"
177.612584289163,29.8531170468777,"2"
169.168168022297,12.4770960118622,"2"
202.074316381477,4.11687618121505,"2"
186.012652684003,0.340844104066491,"2"
171.571509963833,16.3346721231937,"2"
178.269357387908,28.8183162454516,"2"
147.20678971149,15.7894742395729,"2"
234.421109631658,7.27310398593545,"2"
185.337433703244,8.08321711607277,"2"
173.62569514662,34.8806284554303,"2"
188.815897158347,23.4008103329688,"2"
147.743415166624,21.2405699584633,"2"
122.499379902147,12.4601654801518,"2"
174.553590300493,32.4820511229336,"2"
209.399037566036,4.24279636703432,"2"
203.64397524856,17.8843415807933,"2"
153.626815760508,26.1735282745212,"2"
181.271109911613,3.67805864661932,"2"
235.32096744515,4.80259146541357,"2"
240.667089712806,4.26863657310605,"2"
159.426505952142,5.39897418580949,"2"
216.379043268971,22.978119943291,"2"
151.808313131332,2.12019028142095,"2"
137.184076202102,22.9479953087866,"2"
172.83797473181,36.4893563184887,"2"
125.025442834012,25.9056893270463,"2"
164.871034235694,16.8889495916665,"2"
144.12124291528,11.5962355956435,"2"
254.064222904854,6.25569589436054,"2"
138.258220218122,15.7410395238549,"2"
277.262137061916,8.14243101514876,"0"
347.95738180168,27.6950974669307,"0"
312.359483926557,8.45109696500003,"0"
295.840441212058,16.3281350396574,"0"
280.883088419214,30.7564839255065,"0"
314.543914007954,13.3022156264633,"0"
305.503696622327,39.2131197918206,"0"
268.354487451725,30.9323672018945,"0"
319.88588526845,29.7115250956267,"0"
371.103198467754,12.2980478405952,"0"
376.434118119068,12.9268596414477,"0"
297.431248226203,34.2763587180525,"0"
283.009498962201,25.4614896979183,"0"
333.010365520604,5.58162085711956,"0"
316.2315357849,34.2462707217783,"0"
379.613714893349,7.41301893256605,"0"
339.995303074829,25.2349909208715,"0"
348.959894101135,2.35441688448191,"0"
379.636838277802,24.3741460517049,"0"
285.641128011048,12.264467747882,"0"
303.486537076533,28.2464519329369,"0"
257.36115434207,15.5207592528313,"0"
376.126670236699,31.751352455467,"0"
367.82371649053,31.7776184808463,"0"
368.618134986609,30.6874744035304,"0"
301.641475087963,0.775625128298998,"0"
283.869866859168,6.81946908123791,"0"
332.014745869674,36.7716682143509,"0"
304.710910450667,22.6693009119481,"0"
379.801411405206,17.2973588947207,"0"
362.880268222652,28.489817744121,"0"
286.205459530465,1.23992694541812,"0"
292.501475177705,10.8797887898982,"0"
374.585557375103,1.51331098750234,"0"
378.114595017396,31.8185560964048,"0"
307.006645551883,3.89169439673424,"0"
250.601449427195,36.8975832220167,"0"
256.384722986259,29.2510949727148,"0"
274.203824661672,37.6167485490441,"0"
378.523477893323,22.6036658324301,"0"
331.512191132642,18.5487121157348,"0"
286.60427742172,36.0301715973765,"0"
261.258346741088,11.4576475135982,"0"
354.466347643174,11.6278053540736,"0"
251.259374120273,19.3482386041433,"0"
297.709958404303,31.5226879250258,"0"
369.319391166791,24.49453108944,"0"
379.276534728706,39.3905223999172,"0"
334.794275173917,27.8659805562347,"0"
373.928498732857,19.8070143349469,"0"
350.332479025237,21.4308652095497,"0"
267.354645342566,10.0971793755889,"0"
261.865553888492,33.9141527749598,"0"
294.390179817565,27.3070675041527,"0"
337.753081922419,32.9242423176765,"0"
328.302917457186,11.6547523904592,"0"
349.441107199527,15.6769433058798,"0"
307.003793115728,17.2663081344217,"0"
337.626751870848,32.925869030878,"0"
373.665817715228,27.2660703305155,"0"
322.50369401183,1.66771130636334,"0"
311.078609707765,8.17597405984998,"0"
263.911148775369,34.0600395202637,"0"
377.384560746141,31.9943778589368,"0"
357.301956941374,38.3981725852937,"0"
335.20445310045,13.7536110822111,"0"
312.427996797487,19.8621235322207,"0"
374.41654143855,8.07099196128547,"0"
330.038092853501,0.26078037917614,"0"
327.927431534044,39.86662581563,"0"
337.672353102826,0.401467802003026,"0"
319.526263503358,14.7879941575229,"0"
365.828116359189,19.3743019551039,"0"
303.879027636722,10.9625357948244,"0"
319.02678579092,39.7960745263845,"0"
311.870363587514,19.8026711959392,"0"
248.493014075793,25.2201210428029,"0"
311.131171877496,36.4375166036189,"0"
336.436364366673,19.961465196684,"0"
367.597389235161,12.2143587563187,"0"
273.718708450906,12.063248064369,"0"
349.722378011793,39.2719735670835,"0"
264.070969428867,28.0921646952629,"0"
355.142698758282,31.4505890011787,"0"
261.274503027089,0.805571228265762,"0"
338.145400146022,38.5579667054117,"0"
322.374130473472,2.27011479437351,"0"
240.657244473696,14.3610560148954,"0"
292.613692372106,39.0081619843841,"0"
369.407855281606,6.43781149759889,"0"
267.639056872576,4.14397212676704,"0"
327.638713121414,5.88127443566918,"0"
286.739841708913,39.3129758164287,"0"
315.547963776626,2.40762080065906,"0"
367.080002501607,25.50477206707,"0"
271.52228299994,5.36320021376014,"0"
301.143514341675,16.517683705315,"0"
316.23063175939,33.7351419311017,"0"
306.540427627042,10.5744377803057,"0"
374.754275544547,2.08822577260435,"0"
295.183159089647,25.167656717822,"0"
359.871805654839,27.0321537274867,"0"
295.955605469644,0.327326375991106,"0"
285.944179175422,1.30992230959237,"0"
317.668098816648,19.7816721722484,"0"
339.424373381771,0.0832244660705328,"0"
304.783531823196,21.867943815887,"0"
279.86213053111,39.6736396290362,"0"
255.589990001172,35.5304518155754,"0"
329.936726181768,0.392605364322662,"0"
351.856452007778,6.97069854475558,"0"
266.716601746157,38.4876234922558,"0"
345.506212171167,19.766909237951,"0"
341.082779951394,24.9550513643771,"0"
314.153768131509,25.1494103204459,"0"
256.536478437483,6.2893852032721,"0"
312.571857916191,38.1498438492417,"0"
293.708098176867,28.2063353713602,"0"
350.333881545812,15.3754367958754,"0"
359.909077556804,0.638121496886015,"0"
256.289844964631,29.2534056212753,"0"
324.687292887829,33.7404586840421,"0"
346.646914617158,28.8143110834062,"0"
286.095460285433,19.7357247117907,"0"
319.328861152753,37.9533610399812,"0"
356.895869816653,31.6147444583476,"0"
370.878794197924,18.3437312394381,"0"
287.654850245453,17.4165338650346,"0"
372.095488016494,19.7989854495972,"0"
256.287959530018,23.6666710302234,"0"
330.976119781844,17.9314726870507,"0"
297.84003585577,11.2098513916135,"0"
306.35357728228,16.9761197641492,"0"
361.822496117093,12.9845941625535,"0"
286.65763898287,29.960585301742,"0"
341.567396135069,14.405186381191,"0"
343.569365320727,4.12639177404344,"0"
354.023426841013,5.63874535262585,"0"
260.697723473422,39.8822102416307,"0"
347.212879145518,10.4753638803959,"0"
346.713412515819,9.10000283271074,"0"
332.621085043065,37.4872051365674,"0"
258.937707976438,39.5374729204923,"0"
298.048389516771,11.6549764201045,"0"
344.907916262746,19.4481201283634,"0"
334.60833302699,12.0601622387767,"0"
343.069421513937,35.6200403347611,"0"
299.556858139113,22.4561299663037,"0"
291.848189719021,35.4308922216296,"0"
359.807019322179,7.00454494915903,"0"
363.81581903901,35.5321583710611,"0"
367.763091986999,39.6857855189592,"0"
294.112435597926,16.8524565547705,"0"
246.10159533564,10.9020859468728,"0"
334.325297451578,11.3027159590274,"0"
301.071021789685,0.131255853921175,"0"
261.047343653627,10.1127007044852,"0"
288.151439307258,1.09480167739093,"0"
321.896807448938,23.8514987472445,"0"
275.048695988953,19.1307550203055,"0"
311.267964555882,38.1429330259562,"0"
306.777814184316,32.8565914835781,"0"
303.37644346524,27.6024280115962,"0"
367.189335934818,12.2375448700041,"0"
368.16543656867,30.727410633117,"0"
284.870635746047,6.37342627160251,"0"
368.635613280348,6.51408733800054,"0"
280.795662365854,15.0860514026135,"0"
271.955311675556,24.5848342124373,"0"
338.246194818057,38.6601483263075,"0"
268.524834522977,30.9726471733302,"0"
360.103829633445,6.79064096882939,"0"
270.68850344047,17.3844877351075,"0"
320.699613057077,15.4461979866028,"0"
327.519352384843,39.2349749896675,"0"
279.854354686104,21.226461706683,"0"
295.390243027359,17.5919849332422,"0"
340.210022008978,26.4069436397403,"0"
349.167349701747,39.5187375042588,"0"
280.688837249763,2.24840342067182,"0"
276.068921764381,17.8006161097437,"0"
258.111538412049,17.854688744992,"0"
279.954987615347,36.8053209036589,"0"
327.363466364332,12.6873052865267,"0"
349.189475378953,1.620849436149,"0"
332.028991230763,30.077069811523,"0"
294.117973838001,0.627916771918535,"0"
266.285747112706,25.0463347975165,"0"
264.461757908575,16.0556202568114,"0"
356.885578515939,19.6829255484045,"0"
278.923189602792,0.651806276291609,"0"
316.986024640501,4.98096839524806,"0"
314.18520770967,28.4033664315939,"0"
247.558261868544,4.93464394472539,"0"
308.627137094736,26.5445340517908,"0"
289.717823844403,23.5127569828182,"0"
280.855745021254,20.5441035982221,"0"
256.527725029737,7.16653408482671,"0"
367.839899635874,6.56732902862132,"0"
368.666312368587,0.67748318426311,"0"
266.937865070067,38.9930710755289,"0"
304.622869142331,11.4632205292583,"0"
337.539589032531,19.551296737045,"0"
257.82522068359,23.4602111950517,"0"
311.98811462149,8.77422227524221,"0"
277.712994669564,26.0181671287864,"0"
251.396558182314,11.8443883489817,"0"
272.604459980503,11.2778209894896,"0"
306.00069180131,39.4699224177748,"0"
274.861468537711,38.5591284930706,"0"
243.278750712052,1.3447579741478,"0"
293.515985878184,5.71987519040704,"0"
333.904683236033,4.8364781588316,"0"
325.87105835788,18.2020995393395,"0"
262.906778356992,22.1443388517946,"0"
330.41767208837,24.1997240204364,"0"
365.568399387412,18.3011587616056,"0"
307.355239046738,2.62677817605436,"0"
379.115314781666,39.9355449248105,"0"
277.41116436664,26.1895047035068,"0"
262.221218529157,34.5468291267753,"0"
255.181270726025,1.32320283912122,"0"
290.099185933359,24.3680277094245,"0"
320.308308382519,9.15020775049925,"0"
372.526975637302,35.3658381383866,"0"
306.516283848323,33.7205997481942,"0"
329.163726088591,23.8549601752311,"0"
359.763553244993,0.700564319267869,"0"
312.266875649802,14.470975222066,"0"
327.047490119003,5.83691484294832,"0"
320.303813321516,30.5700165499002,"0"
272.082839217037,25.3277778252959,"0"
299.728962737136,39.1275632474571,"0"
325.226006819867,6.63203648291528,"0"
379.671921045519,3.87153433635831,"0"
261.18895618245,3.93298450857401,"0"
286.277430183254,12.8395433630794,"0"
348.252210551873,28.1803002581,"0"
354.779405118898,2.64862623997033,"0"
363.589540254325,34.6812252793461,"0"
272.531935810111,6.11899613402784,"0"
373.245786614716,37.1519017778337,"0"
342.996703297831,14.0961204748601,"0"
354.618308548816,24.5567355304956,"0"
279.272151174955,13.4633998479694,"0"
354.613670585677,12.5368378404528,"0"
345.360527029261,19.0204347390682,"0"
311.799317593686,30.9014524985105,"0"
288.432778897695,30.4071189463139,"0"
340.153930769302,8.92228399403393,"0"
304.976943996735,22.620367910713,"0"
249.392014183104,30.5213433783501,"0"
243.780247764662,1.11107961274683,"0"
262.129653203301,11.0888690687716,"0"
263.05964182131,21.0777054727077,"0"
349.601321648806,33.3992224000394,"0"
254.442864065059,1.56781879253685,"0"
360.355982929468,13.4643422346562,"0"
301.913455110043,6.20607067830861,"0"
343.855220736004,4.27851033397019,"0"
338.447162192315,7.39037900231779,"0"
365.259110368788,19.5262781623751,"0"
302.617697566748,33.6468090675771,"0"
359.447369491681,19.5917355734855,"0"
312.210011519492,2.12282385677099,"0"
326.420104140416,34.3112875055522,"0"
278.899627178907,8.22747996076941,"0"
376.275405152701,13.1150269974023,"0"
326.228896193206,28.4756774175912,"0"
280.58476834558,30.8739080093801,"0"
263.253541830927,0.75541284866631,"0"
374.41716640722,25.8352864254266,"0"
290.366521016695,5.85541716776788,"0"
320.817993362434,9.45311687886715,"0"
360.337776043452,26.7376571148634,"0"
357.240735567175,37.5257525313646,"0"
249.076552959159,6.6405750438571,"0"
354.013681169599,25.6418687850237,"0"
355.519131375477,11.7660310585052,"0"
331.545328716747,30.2201095689088,"0"
343.200106299482,35.2101761195809,"0"
333.60047578346,4.23133907839656,"0"
261.711978716776,27.7503032516688,"0"
299.236704059877,5.36691791377962,"0"
275.011926656589,31.7690356262028,"0"
320.490374276415,24.1342200990766,"0"
325.561527833343,28.6161900032312,"0"
349.941907832399,33.1584073975682,"0"
274.198517724872,30.497905863449,"0"
288.737346897833,30.983829209581,"0"
272.848820351064,0.138493841513991,"0"
267.879373510368,37.8509970474988,"0"
344.538848451339,34.3626304063946,"0"
365.673280623741,1.90424750559032,"0"
325.092747807503,30.2503020130098,"1"
362.957282857969,32.2949228156358,"1"
305.056958175264,16.9673986267298,"1"
270.306101725437,23.0597627069801,"1"
358.507987339981,17.7353743743151,"1"
306.86275542248,22.9487054795027,"1"
313.416771683842,26.6896242555231,"1"
269.844136280008,2.30224817059934,"1"
312.068035085686,5.13539873063564,"1"
377.2820044728,7.58218456059694,"1"
295.156327616423,7.86523159593344,"1"
257.841642955318,39.099558359012,"1"
336.984354583547,7.32407994568348,"1"
367.217748360708,0.15847678296268,"1"
274.408981930465,33.9844149816781,"1"
290.340095725842,21.5305227227509,"1"
362.504108273424,12.2182781808078,"1"
379.177044592798,0.412613311782479,"1"
310.034905737266,21.068775523454,"1"
316.513023427688,10.860683331266,"1"
299.308698279783,33.4811223577708,"1"
274.414371303283,8.41497072950006,"1"
307.840907634236,34.1405777074397,"1"
360.901417760178,1.51425179094076,"1"
293.604794470593,1.71983950771391,"1"
366.151241036132,22.9702891875058,"1"
333.530409960076,0.0593533739447594,"1"
270.274550309405,39.7622668556869,"1"
270.332028847188,11.860468480736,"1"
337.316298447549,22.8518042713404,"1"
313.044501156546,0.0248866528272629,"1"
361.452807900496,31.3928512297571,"1"
289.201738419943,37.6709081791341,"1"
316.866256254725,39.355072779581,"1"
274.081728802994,34.2122719530016,"1"
254.911191947758,22.6482984423637,"1"
322.488523763604,34.8852461855859,"1"
366.988018769771,28.1160950940102,"1"
264.048201963305,13.417318733409,"1"
341.765858842991,39.7484359052032,"1"
308.763769855723,11.7474867869169,"1"
354.924294357188,13.8519749883562,"1"
273.010334349237,18.372045494616,"1"
275.584930581972,28.8796566426754,"1"
288.610609197058,16.3340952992439,"1"
358.847119957209,0.214723162353039,"1"
379.254441582598,25.3288740385324,"1"
259.387025930919,34.2128414288163,"1"
330.156925008632,26.7449790704995,"1"
301.361758629791,22.7929482422769,"1"
283.54964566417,15.0120329204947,"1"
354.381800950505,13.659926187247,"1"
261.839436567388,6.19567383080721,"1"
278.194864843972,22.2594238258898,"1"
348.566090366803,13.2312988396734,"1"
286.661317604594,32.199239032343,"1"
282.450079671107,7.11805258877575,"1"
348.200257802382,30.0890926923603,"1"
267.378614796326,35.0386820640415,"1"
343.810166567564,27.0143606700003,"1"
283.506946186535,21.7104904074222,"1"
306.622429592535,28.7802749685943,"1"
335.141741032712,29.4055728428066,"1"
339.855085667223,1.6045521851629,"1"
339.073306904174,22.1799604315311,"1"
341.677762088366,39.7739713825285,"1"
317.297431309707,30.5816148594022,"1"
294.946307274513,7.9638986568898,"1"
267.516535795294,7.0184634719044,"1"
339.150010766461,22.6637157052755,"1"
364.842356499285,6.72723631374538,"1"
349.218304352835,31.8605914246291,"1"
335.298346583731,16.9011705648154,"1"
258.642723872326,18.8798958435655,"1"
313.746582805179,5.38770476356149,"1"
346.128090876155,0.173722971230745,"1"
376.254455060698,20.0003594346344,"1"
325.983552490361,22.9796876944602,"1"
273.625511224382,7.2079205326736,"1"
271.034499760717,2.35636813566089,"1"
292.775568906218,33.1877795886248,"1"
357.610597587191,9.06001738272607,"1"
345.481051388197,7.76237883605063,"1"
248.69457453955,14.2847614735365,"1"
306.78828981705,28.1397465523332,"1"
322.696258584037,11.9651123974472,"1"
260.102398521267,25.7290767412633,"1"
347.831955971196,37.9841203428805,"1"
371.640335978009,38.2328830379993,"1"
282.771522509865,36.6907784715295,"1"
252.944088079967,8.62767671234906,"1"
255.405642595142,30.4033336229622,"1"
286.903799711727,2.18964503146708,"1"
317.308659004048,30.2486953418702,"1"
350.266285478137,24.6511426195502,"1"
270.532419299707,30.2527482341975,"1"
351.407596725039,8.41994507238269,"1"
371.738214618526,6.97084947489202,"1"
326.162899527699,17.024002475664,"1"
287.3320147302,32.0670245122164,"1"
376.325750187971,20.3645035158843,"1"
354.130829661153,39.8967398051172,"1"
346.706317379139,1.74689189530909,"1"
248.030584426597,28.1104271952063,"1"
370.671916268766,5.89507295750082,"1"
343.590406486765,33.6665178090334,"1"
348.604016476311,14.4898276031017,"1"
356.872364892624,29.1490661352873,"1"
285.337176080793,2.44020542129874,"1"
318.93195532728,17.2064626589417,"1"
247.719354103319,2.6741243712604,"1"
283.201349643059,15.3970086760819,"1"
370.575123345479,16.9074355904013,"1"
321.267992807552,33.846857054159,"1"
326.751849101856,37.7867231238633,"1"
331.657581375912,39.5652527641505,"1"
318.745780833997,0.13655106537044,"1"
321.549249310046,5.5946948658675,"1"
300.921575720422,9.68080086633563,"1"
311.89145563636,26.1973872687668,"1"
360.19353788346,39.7760634310544,"1"
277.862513982691,3.81552123464644,"1"
312.667870908044,15.9528524801135,"1"
337.281611822546,36.8400446139276,"1"
329.158190716989,12.7084787655622,"1"
374.298576018773,12.0929356850684,"1"
359.665150488727,23.2547989394516,"1"
365.919304871932,36.7142699658871,"1"
341.881476286799,17.24334936589,"1"
352.574569368735,7.66734316013753,"1"
379.340879055671,30.6116088107228,"1"
270.320838834159,23.7199702393264,"1"
263.956347312778,12.2935135662556,"1"
288.068253281526,26.4824261050671,"1"
291.941738398746,3.4855826292187,"1"
367.46732508298,28.2440415769815,"1"
328.666164060123,6.11567481420934,"1"
299.978375271894,34.4626605138183,"1"
378.967981799506,25.2662365231663,"1"
332.114793532528,21.5455312374979,"1"
305.028234194033,16.9364670105278,"1"
319.94713105727,25.6279955990613,"1"
365.921362545341,36.9466810952872,"1"
309.587155729532,11.2713127117604,"1"
345.304046068341,7.97151980921626,"1"
324.230855968781,17.1134849265218,"1"
287.913961121812,10.8064032252878,"1"
358.667217902839,17.3737954441458,"1"
283.492745058611,21.182467341423,"1"
369.232644615695,11.4388329349458,"1"
261.456917310134,18.2883175648749,"1"
300.583006856032,7.91491825133562,"1"
305.266183558851,5.42685593478382,"1"
352.879809667356,1.24333530664444,"1"
286.204565870576,3.05636793375015,"1"
260.906043234281,33.5896968469024,"1"
263.979925350286,1.53740989975631,"1"
330.403171856888,12.6052206847817,"1"
346.506268763915,19.8080402053893,"1"
334.753582128324,1.71626561321318,"1"
371.477228607982,6.49961862713099,"1"
318.692295243964,16.8834050279111,"1"
367.985089411959,10.8581118565053,"1"
309.00163505692,21.7602183949202,"1"
260.875719166361,26.4032746106386,"1"
259.752271794714,34.3458787165582,"1"
293.319041309878,13.5167134925723,"1"
292.839208012447,1.22217965312302,"1"
265.758682377636,28.0088576767594,"1"
270.291381860152,12.3317206837237,"1"
279.039131021127,10.9237408917397,"1"
256.733810119331,4.54341720789671,"1"
374.737847438082,12.12139015086,"1"
379.266161676496,9.45669032633305,"1"
318.933718721382,25.1133070141077,"1"
342.417583232746,12.580498252064,"1"
365.017986875027,20.7324373535812,"1"
322.62610537,4.49224533513188,"1"
370.991008784622,17.2890441026539,"1"
264.277258538641,39.278201404959,"1"
292.429034975357,33.021051408723,"1"
281.932626180351,26.6665166523308,"1"
371.724765030667,22.905992269516,"1"
300.300162360072,14.8372613731772,"1"
301.81518684607,39.882481219247,"1"
282.431601583958,28.1319760531187,"1"
279.096372192726,11.5118944924325,"1"
306.429554671049,5.78298446722329,"1"
315.627613007091,11.4585071243346,"1"
263.690294013359,12.1945769805461,"1"
294.971569627523,27.1401973161846,"1"
327.050181366503,7.95183219946921,"1"
267.026869761758,7.43914058431983,"1"
309.943416523747,38.7464870326221,"1"
294.957767608576,28.4497971460223,"1"
345.47489407938,21.6770345903933,"1"
348.033738546073,39.5422252453864,"1"
253.376099066809,36.5639144554734,"1"
352.181295845658,18.380534471944,"1"
362.695769569837,13.1645804550499,"1"
354.175605587661,33.6199961416423,"1"
379.115767250769,15.4393057152629,"1"
257.75143689476,39.9859780631959,"1"
315.373893883079,20.9499675408006,"1"
305.222406643443,35.174650689587,"1"
256.37041953858,0.544038666412234,"1"
278.944856552407,3.2910565380007,"1"
267.799330647103,6.99201330542564,"1"
300.640590288676,24.2725101299584,"1"
374.06881748233,31.4161730930209,"1"
333.642575945705,2.36093829385936,"1"
376.750111933798,36.5369542781264,"1"
353.384692627005,1.70911625027657,"1"
343.027058104053,15.7776015251875,"1"
355.950083993375,35.0157371070236,"1"
360.806077686138,38.302438845858,"1"
298.965903795324,2.89846282452345,"1"
377.944300752133,37.4786253459752,"1"
264.67765819747,22.8628331702203,"1"
300.656640538946,28.3495876286179,"1"
274.898174470291,27.4951771367341,"1"
336.846477133222,10.9329510200769,"1"
330.107901785523,26.3560387585312,"1"
356.120352800936,34.4667118787766,"1"
259.221464679576,9.57355705089867,"1"
372.650623242371,1.10368906520307,"1"
372.015838851221,39.1373465582728,"1"
361.779976505786,1.91423067823052,"1"
246.150998664089,18.8398081529886,"1"
310.731684621423,38.5297769494355,"1"
299.318860368803,0.559475561603904,"1"
294.186454601586,13.8390012644231,"1"
322.758640581742,12.1503495145589,"1"
279.517231010832,2.90063575841486,"1"
315.177423199639,21.6092164628208,"1"
366.661453293636,20.889272717759,"1"
292.281178757548,21.3462355732918,"1"
296.939782290719,19.0050773881376,"1"
255.023685949855,30.4481267090887,"1"
329.854729203507,33.403495810926,"1"
332.243103124201,39.8729623667896,"1"
379.636358427815,2.797413431108,"1"
340.440155696124,27.9870206583291,"1"
379.567475067452,31.916967285797,"1"
316.973229749128,39.1747507173568,"1"
312.415101770312,16.2819383665919,"1"
336.859021424316,37.6234656199813,"1"
270.595539733768,30.3945799916983,"1"
263.169675716199,39.6736991684884,"1"
305.634737000801,0.189216071739793,"1"
277.922597159632,16.9470907375216,"1"
371.254070624709,32.4216970149428,"1"
254.028144497424,14.5983787998557,"1"
353.146497616544,19.8280508443713,"1"
327.647818992846,0.779260490089655,"1"
289.76468521636,38.2905261497945,"1"
255.32832426019,28.9405044261366,"1"
326.425500032492,38.6586004123092,"1"
331.816166825593,20.7670019008219,"1"
289.413171550259,27.0060438103974,"1"
275.685293222778,39.6176030673087,"1"
303.256417829543,39.8830898478627,"1"
324.755938751623,23.8235925044864,"1"
328.331115660258,0.278760176151991,"1"
296.605181242339,38.9374315086752,"1"
271.01260447409,2.73427320644259,"1"
264.332546051592,0.874997954815626,"1"
351.841986491345,25.3807685896754,"1"
325.794911826961,23.5182830598205,"1"
335.911707682535,29.4931283779442,"1"
313.013071976602,33.3581658918411,"1"
373.261946258135,0.324640152975917,"1"
287.728313254192,8.59458897262812,"1"
366.704844431952,0.486835846677423,"1"
357.704787109978,8.47808098420501,"1"
377.697303830646,37.3395692091435,"1"
358.164954478852,23.4686427842826,"1"
272.475106036291,18.9294960908592,"1"
278.617687718943,39.7866695933044,"1"
280.967612229288,34.7186180017889,"1"
342.056276304647,33.0608189478517,"1"
364.171486222185,6.74687189050019,"1"
330.671306266449,34.2247826885432,"1"
329.940244397148,6.84561563655734,"1"
372.642529583536,25.8227491471916,"1"
266.645273631439,18.0099409632385,"1"
351.521590710618,8.43821449205279,"1"
255.557626970112,0.0146416202187538,"1"
287.784310812131,38.0293276812881,"1"
277.501558866352,22.5369943771511,"1"
341.597076035105,3.484643753618,"1"
318.134236456826,38.123557632789,"1"
305.020758300088,17.6248855981976,"1"
335.25072558783,16.9295311439782,"1"
309.858954842202,13.9156837761402,"2"
280.086862947792,24.396401271224,"2"
258.277237350121,30.5223123636097,"2"
361.303785876371,9.1430770792067,"2"
261.888422206976,24.9183462746441,"2"
252.673487369902,3.7359962798655,"2"
367.405360382982,19.1713885776699,"2"
362.459583794698,25.3751623816788,"2"
328.845196184702,35.7934660464525,"2"
264.547635964118,9.17655269615352,"2"
303.152299704961,6.69028556905687,"2"
356.689313058741,26.765867145732,"2"
318.94450079184,34.9176166299731,"2"
287.009199000895,34.92083305493,"2"
379.827965516597,5.65138942562044,"2"
278.115250426345,36.9026712793857,"2"
312.474791673012,39.578785346821,"2"
297.514813216403,21.5099332761019,"2"
340.233815344982,35.670586405322,"2"
345.286559234373,39.7556015383452,"2"
339.772541690618,29.2025261279196,"2"
289.887988637201,0.00168967060744762,"2"
275.245133913122,2.58910333737731,"2"
378.219015994109,16.4369727484882,"2"
283.102926285937,11.382885556668,"2"
291.306507471018,9.40151334740222,"2"
340.139072663151,4.49561133980751,"2"
323.833073889837,37.3926218412817,"2"
375.233422070742,8.85940260253847,"2"
288.909757770598,39.8033916112036,"2"
270.925246449187,37.8428813628852,"2"
276.620908775367,12.7102784439921,"2"
260.544598065317,36.929788608104,"2"
279.716032003053,30.1634617242962,"2"
352.266484391876,10.988838467747,"2"
341.125781433657,36.3486169651151,"2"
256.612437898293,9.42611918784678,"2"
287.541211494245,4.9049554951489,"2"
283.079330711626,2.08190972916782,"2"
253.556695682928,25.922280875966,"2"
369.196441806853,22.5576996896416,"2"
244.92839243263,26.5288115479052,"2"
377.986100702547,21.9125682394952,"2"
317.652984405868,24.4061237107962,"2"
345.335228755139,4.91096981801093,"2"
358.581954026595,4.76481868885458,"2"
316.446190797724,18.3909243438393,"2"
251.038290043361,14.3604366946965,"2"
346.338094202802,34.35252411291,"2"
243.404917553999,16.820427691564,"2"
370.598010211252,29.9519350472838,"2"
327.534522241913,20.5500800907612,"2"
260.594751955941,14.6400922071189,"2"
371.770541141741,12.940538553521,"2"
330.464100190438,14.8356950096786,"2"
244.542831028812,4.9669511243701,"2"
296.149366716854,15.8617471531034,"2"
322.48056805227,16.9662337563932,"2"
269.551731585525,0.340737663209438,"2"
296.868430250324,10.6075665354729,"2"
300.340732778423,37.3082811385393,"2"
297.86283637397,2.0641391351819,"2"
350.364592596889,30.7853768114001,"2"
277.637959280983,35.543739432469,"2"
362.19266072847,20.2080921176821,"2"
272.525024777278,31.7135652154684,"2"
271.729416353628,7.65884157270193,"2"
248.713668696582,8.70801895856857,"2"
305.178350214846,1.43428347073495,"2"
309.78196370881,30.0327618978918,"2"
374.971994445659,35.1687704212964,"2"
273.555061807856,14.4942741747946,"2"
278.007399472408,18.7984999082983,"2"
341.876701288857,22.240292141214,"2"
351.473626866937,12.0588280074298,"2"
354.741150536574,19.2307769134641,"2"
361.145259817131,36.2144042551517,"2"
357.501467685215,27.5104678887874,"2"
345.716906799935,26.2692679837346,"2"
259.038464967161,1.33365291170776,"2"
324.568016119301,11.4514982420951,"2"
324.203536529094,6.330646276474,"2"
286.234285635874,25.2001356706023,"2"
302.432326897979,18.0554061383009,"2"
310.834991130978,11.8773323576897,"2"
268.124010753818,26.1888473946601,"2"
328.250661366619,26.4692195132375,"2"
367.879652311094,9.15257781744003,"2"
298.130249753594,3.96935112774372,"2"
342.538028284907,9.97929940931499,"2"
334.497175994329,0.64538904465735,"2"
346.141543821432,16.1404379457235,"2"
266.092719933949,14.0419049095362,"2"
338.909670007415,4.82047636993229,"2"
331.826295210049,14.0099111851305,"2"
264.389946130104,3.36299462243915,"2"
370.138509501703,3.2229822780937,"2"
297.590138353407,30.1472233887762,"2"
378.860608087853,27.6865227147937,"2"
304.177820682526,12.9090805631131,"2"
306.91784507595,38.9458807278425,"2"
375.748566798866,1.8252650462091,"2"
330.739265554585,38.7177989911288,"2"
333.678485844284,33.7749148532748,"2"
287.271314994432,12.6344250515103,"2"
348.075466882437,16.1352237686515,"2"
293.015894279815,35.5740217678249,"2"
333.10596711468,7.8073144517839,"2"
316.829990893602,1.50672987103462,"2"
323.892993465997,30.3781708981842,"2"
350.673302998766,29.6189802139997,"2"
365.072443052195,29.9828128609806,"2"
303.910063346848,31.437200056389,"2"
259.158467263915,20.1378121506423,"2"
283.736662478186,16.5878649707884,"2"
352.266658032313,4.35895239003003,"2"
377.234140243381,28.0810139141977,"2"
357.898074211553,3.64339980296791,"2"
305.722447000444,36.7477281205356,"2"
336.606673984788,25.0797735247761,"2"
318.403422976844,13.2010368537158,"2"
280.65581554547,6.7793224658817,"2"
349.753550332971,23.015806293115,"2"
357.971744271927,14.3015909474343,"2"
314.278445062228,7.55544068291783,"2"
333.038982423022,20.9101637080312,"2"
262.129737073556,37.701411228627,"2"
308.786777784117,5.58679922483861,"2"
311.739915255457,23.1617094296962,"2"
267.627951642498,20.7108013983816,"2"
339.369131894782,15.0240056961775,"2"
290.751466872171,18.7404300644994,"2"
252.84704009071,39.0506384894252,"2"
353.776319515891,38.6685096565634,"2"
364.335692836903,0.776783404871821,"2"
323.215251988731,24.685539919883,"2"
368.596799443476,35.5239519570023,"2"
365.48929145094,14.4356668461114,"2"
316.302803009748,29.6342748776078,"2"
307.523461817764,19.3339158035815,"2"
370.234358566813,3.64353877492249,"2"
253.976983902976,21.7336295451969,"2"
373.566348082386,18.728725137189,"2"
274.515854930505,25.489954771474,"2"
303.212715396658,26.1567237228155,"2"
292.811438189819,25.0487881805748,"2"
379.821508321911,11.4862977154553,"2"
291.214965581894,30.651271911338,"2"
323.183771991171,0.372469890862703,"2"
329.100306029432,4.35392452403903,"2"
